Library_Serial_Number,Library_Name,District_Code,District_Name,Address,Phone_Number,Website_URL,Operating_Hours,Regular_Closed_Days,Library_Type_Code,Library_Type_Name,Latitude,Longitude
1935,Gangnam District mosgol Library,8,Gangnam-gu,Seoul gangnamgu jagokro 116,02-459-5522,http://library.gangnam.go.kr/mglib,"Weekdays : 09:00~22:00, Weekends : 09:00~22:00",Every Tuesday and Legal Holidays,1,Public Library,37.47153836,127.096582
1066,Gangnamyeoksampureunsol Library,8,Gangnam-gu,Seoul gangnamgu teheranro8gil 36. 4F,02-2051-1178,https://library.gangnam.go.kr/ysplib/index.do,"Weekdays : 09:00~18:00, Weekends : 09:00~17:00",Every Tuesday and Legal Holidays,1,Public Library,37.4964968,127.0320274
2815,Gaepohaneulkkum Library,8,Gangnam-gu,Seoul gangnamgu gaeporo 110gil 54,02-451-1511,https://library.gangnam.go.kr/hnkklib/,"Weekdays : 09:00~22:00, Weekends : 09:00~17:00",Every Tuesday and Legal Holidays,1,Public Library,37.4906692944468,127.080356908422
48,Nonhyeon Library,8,Gangnam-gu,Seoul gangnamgu hakdongro43gil 17(nonhyeondong) nonhyeon2dong Community Center 6F,02-3443-7650,https://library.gangnam.go.kr/nhlib,"Weekdays : 09:00~22:00, Weekends : 09:00~17:00",Every Tuesday and Legal Holidays,1,Public Library,37.5172779092976,127.037187913597
2843,Nonhyeon Culture maru Library,8,Gangnam-gu,"Seoul gangnamgu nonhyeonro131gil 40, 4~5F",02-512-8580,https://library.gangnam.go.kr/nmmlib,"Weekdays : 09:00~18:00, Weekends : 09:00~17:00",Every Monday and Legal Holidays,1,Public Library,37.51384422,127.02710693
49,Daechi Library,8,Gangnam-gu,Seoul gangnamgu samseongro 212 eunmaapateu bokjisangga 2F 215ho,02-565-6666,https://library.gangnam.go.kr/dchlib/index.do,Weekdays : 09:00~21:00. Weekends : 09:00~17:00 ,Every Tuesday and Legal Holidays,1,Public Library,37.4996157705058,127.065915414443
1402,Dogok Information Culture Library,8,Gangnam-gu,Seoul gangnamgu dogokro18gil 57,1644-3227,https://library.gangnam.go.kr/dogoklib,"Weekdays : 09:00~22:00, Weekends : 09:00~17:00",Every Monday and Legal Holidays,1,Public Library,37.4883101,127.0388803
2133,Mosgolhanok Children Library,8,Gangnam-gu,Seoul gangnamgu jagokro7gil 3?,02-2226-5930,https://library.gangnam.go.kr/hchildlib/index.do,"Weekdays : 09:00~18:00, Weekends : 09:00~17:00",Every Monday and Legal Holidays,1,Public Library,37.4733061524019,127.099727862691
21,Seoulgyoyukcheonggangnam Library,8,Gangnam-gu,Seoul gangnamgu seonreungro116gil 45,02-3448-4741~5,https://gnlib.sen.go.kr,"Weekdays : 09:00~20:00, Weekends : 09:00~17:00","1,3week Wednesday and Legal Holidays",1,Public Library,37.51368143,127.0468374
22,Seoulgyoyukcheonggaepo Library,8,Gangnam-gu,Seoul gangnamgu seonreungro4gil 30,02-3460-8200,https://gplib.sen.go.kr,"Weekdays : 09:00~20:00, Weekends : 09:00~17:00","2,4week Thursday and Legal Holidays",1,Public Library,37.48308019,127.063867
81,Yeoksam Library,8,Gangnam-gu,"Seoul gangnamgu yeoksamro7gil 16, 5F",02-508-1139,http://library.gangnam.go.kr/yslib,"Weekdays : 09:00~22:00, Weekends : 09:00~17:00",Every Monday and Legal Holidays,1,Public Library,37.4953732068069,127.033283840382
2717,Yeolrin Library,8,Gangnam-gu,Seoul gangnamgu ilwonro 115 samseongsaengmyeongbilding Bdong 203ho,02-3412-3970,https://library.gangnam.go.kr/yllib/,"Weekdays : 09:00~22:00, Weekends : 09:00~17:00",Every Monday and Legal Holidays,1,Public Library,37.4840224010593,127.084459720088
2760,Ilwonraonyeongeo Library,8,Gangnam-gu,Seoul gangnamgu yeongdongdaero 22 B1(ilwondong 743),02-6712-0595,https://library.gangnam.go.kr/englib/index.do,"Weekdays : 09:00~18:00, Weekends : 09:00~17:00",Every Monday and Legal Holidays,1,Public Library,37.4910941147932,127.074163955752
52,Jeongdaun Library,8,Gangnam-gu,Seoul gangnamgu hakdongro67gil 11 3F,02-512-9326,https://library.gangnam.go.kr/jdwlib,"Weekdays : 09:00~22:00, Weekends : 09:00~17:00",Every Tuesday and Legal Holidays,1,Public Library,37.5190987146919,127.046440886765
51,Jeulgeoun Library,8,Gangnam-gu,Seoul gangnamgu dogokro77gil 23 4F,02-565-7533,https://library.gangnam.go.kr/jgwlib/,Weekdays : 09:00~22:00. Weekends : 09:00~17:00,Every Monday and Legal Holidays,1,Public Library,37.499729738243,127.05784954077
47,Cheongdam Library,8,Gangnam-gu,Seoul gangnamgu apgujeongro79gil 26 cheongdam Community Center 7F,02-540-7042,https://library.gangnam.go.kr/cdlib,"Weekdays : 09:00~22:00, Weekends : 09:00~17:00",Every Monday and Legal Holidays,1,Public Library,37.52509298,127.0492914
53,Haengbokhan Library,8,Gangnam-gu,Seoul gangnamgu yeongdongdaero65gil 24(daechi2 Culture senteo 3F),02-567-3833,http://library.gangnam.go.kr/happylib,"Weekdays : 09:00~22:00, Weekends : 09:00~17:00",Every Tuesday and Legal Holidays,1,Public Library,37.50230515,127.0641886
105,Gangdong District gangil Library,10,Gangdong-gu,Seoul gangdonggu arisuro 93gil 9-14,02-427-4004,http://www.gdlibrary.or.kr,"Weekdays : 09:00~22:00, Weekends : 09:00~17:00",Every Tuesday and Legal Holidays,1,Public Library,37.56504077,127.1739073
2757,Gangdong District Library,10,Gangdong-gu,Seoul gangdonggu dongnamro 870(sangildong) gangdong Culture jaedan,02-2045-7915,https://www.gdlibrary.or.kr/,,,1,Public Library,37.5512204558342,127.157342546961
2699,Gangdong District dunchon Library,10,Gangdong-gu,Seoul gangdonggu dongnamro49gil 21-8,02-489-6557,http://www.gdlibrary.or.kr,"Weekdays : 09:00~18:00, Weekends : 09:00~17:00",Every Tuesday and Legal Holidays,1,Public Library,37.5317867939007,127.148160430097
63,Gangdong District seongnae Library,10,Gangdong-gu,Seoul gangdonggu seonganro 106-1,02-471-0044,http://www.gdlibrary.or.kr,"Weekdays : 09:00~20:00, Weekends : 09:00~17:00",Every Monday and Legal Holidays,1,Public Library,37.5328454696729,127.133342998226
1067,Gangdong District amsa Library,10,Gangdong-gu,Seoul godeokro 20gil 42 (amsadong 471-37),02-429-0476,http://www.gdlibrary.or.kr,"Weekdays : 09:00~22:00, Weekends : 09:00~17:00",Every Monday and Legal Holidays,1,Public Library,37.5528330245657,127.133365473246
1971,Gangdong District cheonho Library,10,Gangdong-gu,Seoul gangdonggu seonganro 31magil 1(cheonho3dong je2gongyeongjuchajang jisang 2F),02-488-7223,http://www.gdlibrary.or.kr,"Weekdays : 09:00~18:00, Weekends : 09:00~17:00",Every Monday and Legal Holidays,1,Public Library,37.5405232247297,127.134081513483
96,Gangdong District haegong Library,10,Gangdong-gu,Seoul gangdonggu olrimpikro 702,02-478-9656,http://www.gdlibrary.or.kr,"Weekdays : 09:00~22:00, Weekends : 09:00~17:00",Every Tuesday and Legal Holidays,1,Public Library,37.5439476727563,127.125538378702
78,Myeongseonggyohoe Library,10,Gangdong-gu,Seoul gangdonggu sangamro51gil 8,02-440-9140,http://www.mslib.or.kr,"Weekdays : 10:00~18:00, Weekends : 10:00~17:30",Every Monday,1,Public Library,37.5469077327424,127.146275226611
24,Seoulgyoyukcheonggangdong Library,10,Gangdong-gu,Seoul gangdonggu yangjaedaero116gil 57,02-2225-9800~3,http://gdlib.sen.go.kr,"Weekdays : 09:00~20:00, Weekends : 09:00~17:00","1,3week Thursday and Legal Holidays",1,Public Library,37.53815107,127.1434874
25,Seoulgyoyukcheonggodeokpyeongsaenghakseupgwan,10,Gangdong-gu,Seoul gangdonggu godeokro 295 (godeok2dong 296),02-6902-2600,http://gdllc.sen.go.kr,"Weekdays : 09:00~20:00, Weekends : 09:00~17:00","2,4week Monday and Legal Holidays",1,Public Library,37.5561204084687,127.158039363963
170,[pegwan] songjung Culture Information Library,21,Gangbuk-gu,Seoul gangbukgu dobongro20nagil 6,02-944-3160,https://www.gblib.or.kr/songjung/,"Weekdays : 07:00~22:00, Weekends : 07:00~22:00",매월 1st/3rd Monday and Legal Holidays,1,Public Library,37.6183131249716,127.029937564663
32,Gangbuk Culture Information Library,21,Gangbuk-gu,Seoul gangbukgu ohyeonro 145,02-944-3100,https://www.gblib.or.kr/gangbuk/,"Weekdays : 07:00~22:00, Weekends : 07:00~22:00",매월 2nd/4th Monday and Legal Holidays,1,Public Library,37.6251151,127.0360795
33,Gangbukcheongsonyeon Culture Information Library,21,Gangbuk-gu,Seoul gangbukgu samyangro54gil 68,02-944-3140,https://www.gblib.or.kr/youth/,"Weekdays : 07:00~22:00, Weekends : 07:00~22:00",매월 2nd/4th Monday and Legal Holidays,1,Public Library,37.62307414,127.0215511
1378,Mia Culture Information Library,21,Gangbuk-gu,Seoul gangbukgu solmaero49gil 14,02-944-3180,https://www.gblib.or.kr/mia/,"Weekdays : 07:00~22:00, Weekends : 07:00~22:00",매월 2nd/4th Monday and Legal Holidays,1,Public Library,37.62709228,127.0269757
2134,Samgaksan Children Library,21,Gangbuk-gu,Seoul gangbukgu samyangro19gil 34,02-944-3190,https://www.gblib.or.kr/kids/,"Weekdays : 09:00~18:00, Weekends : 09:00~17:00",매월 2nd/4th Monday and Legal Holidays,1,Public Library,37.6151482159574,127.020742108822
34,Solsaem Culture Information Library,21,Gangbuk-gu,Seoul gangbukgu solsaemro 177,02-944-3150,https://www.gblib.or.kr/solsem/,"Weekdays : 07:00~22:00, Weekends : 07:00~22:00",매월 1st/3rd Monday and Legal Holidays,1,Public Library,37.6204776505226,127.012402476037
176,Suyu Culture Information Library,21,Gangbuk-gu,Seoul gangbukgu samyangro 299,02-944-3170,https://www.gblib.or.kr/suyu/,"Weekdays : 07:00~22:00, Weekends : 07:00~22:00",매월 1st/3rd Monday and Legal Holidays,1,Public Library,37.63005160395,127.017559390621
1838,Gayang Library,1,Gangseo-gu,Seoul gangseogu yangcheonro61gil101(gayangdong 1493),02-3665-8797,http://lib.gangseo.seoul.kr,"Weekdays and Saturday : 09:00~22:00, Sunday : 09:00~18:00",Every Monday and Legal Holidays,1,Public Library,37.55994851,126.8655346
1398,Gangseoyeongeo Library,1,Gangseo-gu,Seoul gangseogu gomdalraero57gagil 26,02-2061-2270,http://lib.gangseo.seoul.kr,"Weekdays and Saturday : 09:00~22:00, Sunday : 09:00~18:00",Every Monday and Legal Holidays,1,Public Library,37.53468572,126.8608018
1377,Gomdalrae Library,1,Gangseo-gu,"Seoul gangseogu gangseoro5gil 50 (gomdalrae Culture bokjisenteo 5, 6F)",02-2065-3785,http://lib.gangseo.seoul.kr,"Weekdays and Saturday : 09:00~22:00, Sunday : 09:00~18:00",Every Monday and Legal Holidays,1,Public Library,37.52905938,126.8488976
60,Gilkkoch Children Library,1,Gangseo-gu,Seoul gangseogu geumnanghwaro24gil 5,02-2663-4764,http://lib.gangseo.seoul.kr,"Weekdays and Saturday : 09:00~22:00, Sunday : 09:00~18:00",Every Monday and Legal Holidays,1,Public Library,37.57871971,126.8136582
94,Kkumkkuneun Children Library,1,Gangseo-gu,Seoul gangseogu gonghangdaero 615,02-3663-4025,http://lib.gangseo.seoul.kr,"Weekdays and Saturday : 09:00~22:00, Sunday : 09:00~18:00",Every Monday and Legal Holidays,1,Public Library,37.54733669,126.8733189
1395,Deungbich Library,1,Gangseo-gu,Seoul gangseogu gangseoro62gil 48,02-3664-6990,http://lib.gangseo.seoul.kr/,"Weekdays and Saturday : 09:00~22:00, Sunday : 09:00~18:00",Every Monday and Legal Holidays,1,Public Library,37.56245409,126.8423739
16,Seoulgyoyukcheonggangseo Library,1,Gangseo-gu,Seoul gangseogu deungchonro51nagil 29,02-3219-7000,http://gslib.sen.go.kr,"Weekdays : 09:00~20:00, Weekends : 09:00~17:00","1,3week Friday and Legal Holidays",1,Public Library,37.5479003,126.8599262
1394,Ujangsansupsok Library,1,Gangseo-gu,Seoul gangseogu uhyeonro 34,02-2696-6689,http://lib.gangseo.seoul.kr,"Weekdays and Saturday : 09:00~22:00, Sunday : 09:00~18:00",Every Monday and Legal Holidays,1,Public Library,37.54828757,126.8418355
93,Pureundeulcheongsonyeon Library,1,Gangseo-gu,Seoul gangseogu gangseoro45dagil 71,02-2691-1630,http://lib.gangseo.seoul.kr,"Weekdays and Saturday : 09:00~22:00, Sunday : 09:00~18:00",Every Monday and Legal Holidays,1,Public Library,37.54467538,126.835182
43,Gwanakjungang Library,5,Gwanak-gu,Seoul gwanakgu sinrimro 3gil 35,02-828-5700,http://lib.gwanak.go.kr,"Weekdays : 07:00~23:00, Weekends : 07:00~22:00",Every Monday and Legal Holidays,1,Public Library,37.46759816,126.9448714
44,Geulbich Information Library,5,Gwanak-gu,Seoul gwanakgu gwanakro 30gil 23,02-878-7460,http://lib.gwanak.go.kr,"Weekdays : 09:00~22:00, Weekends : 09:00~22:00",Every Monday and Legal Holidays,1,Public Library,37.4862426,126.9596701
45,Seonghyeondong Small Library,5,Gwanak-gu,Seoul gwanakgu gwanakro37gil 56 dongaapateu sanggaBdong 5F,02-877-7182-3,http://lib.gwanak.go.kr,"Weekdays : 09:00~19:00, Weekends : 09:00~17:00",Every Monday and Legal Holidays,1,Public Library,37.48731057,126.956182
1068,Euncheondong Small Library,5,Gwanak-gu,Seoul gwanakgu bongcheonro33nagil 30,02-877-1162-4,http://lib.gwanak.go.kr,"Weekdays : 09:00~20:00, Weekends : 09:00~17:00",Every Monday and Legal Holidays,1,Public Library,37.48530503,126.9424097
1069,Jowon Library,5,Gwanak-gu,Seoul gwanakgu jowonro12gil 25,02-851-5571,http://lib.gwanak.go.kr,"Weekdays : 09:00~20:00, Weekends : 09:00~17:00",Every Monday and Legal Holidays,1,Public Library,37.48256322,126.9077952
2842,Gwangjin Children yeongeo Library,24,Gwangjin-gu,Seoul gwangjingu cheonhodaero136gil 55 (guuidong),02-2049-2950,http://www.gwangjinlib.seoul.kr/,"Weekdays : 09:00~18:00, Weekends : 09:00~18:00",매월1st/3rd Tuesday and 법정/임시Holidays,1,Public Library,37.5471614,127.0899289
27,Gwangjin Information Library,24,Gwangjin-gu,Seoul gwangjingu achasanro78gil 90(gwangjangdong),02-3437-5092~5 ?,http://www.gwangjinlib.seoul.kr/,"Weekdays : 09:00~22:00, Weekends : 09:00~18:00",매월2nd/4thTuesday and 법정/임시Holidays,1,Public Library,37.5510729137918,127.110615495296
1397,Guuije3dong Library,24,Gwangjin-gu,Seoul gwangjingu gangbyeonyeokro 17(guuidong),02-454-6294,http://www.gwangjinlib.seoul.kr/,"Weekdays : 09:00~20:00, Weekends : 09:00~18:00",매월2nd/4thMonday and 법정/임시Holidays,1,Public Library,37.53799119,127.0919832
2755,Gunjadong Library,24,Gwangjin-gu,Seoul gwangjingu myeonmokro 13 gunjadongbokhapcheongsa 1F,02-2049-2960,http://www.gwangjinlib.seoul.kr/,"Weekdays : 09:00~20:00, Weekends : 09:00~18:00",매월1st/3rdTuesday and 법정/임시Holidays,1,Public Library,37.5554852103262,127.075349383615
2759,Achasansupsok Library,24,Gwangjin-gu,Seoul gwangjingu yeonghwasaro 139,,http://www.gwangjinlib.seoul.kr/,"Weekdays : 09:00~18:00, Weekends : 09:00~18:00","Every Tuesday, Legal Holidays, 임시 Holidays",1,Public Library,37.5524739995365,127.100815788808
97,Jayangje4dong Library,24,Gwangjin-gu,Seoul gwangjingu ttukseomro26gil 58 (jayangdong),02-465-0737-8,http://www.gwangjinlib.seoul.kr/,"Weekdays : 09:00~20:00, Weekends : 09:00~18:00",매월1st/3rdTuesday and 법정/임시Holidays,1,Public Library,37.5341003,127.0662596
2177,Jayanghangang Library,24,Gwangjin-gu,Seoul gwangjingu ttukseomro52gil 66(jayangdong),02-456-0048,http://www.gwangjinlib.seoul.kr/,"Weekdays : 09:00~20:00, Weekends : 09:00~18:00",매월2nd/4thMonday and 법정/임시Holidays,1,Public Library,37.5292155199266,127.077667985801
99,Junggok Culture cheyuksenteo Library,24,Gwangjin-gu,Seoul gwangjingu neungdongro 433,02-3408-4960,http://www.gwangjinlib.seoul.kr/,"Weekdays : 09:00~22:00, Weekends : 09:00~18:00",매월1st/3rdMonday and 법정/임시Holidays,1,Public Library,37.5677792027828,127.08480243017
883,Gaebong Library,25,Guro-gu,Seoul gurogu gaebongro16gil 30-11,02-2689-1695,http://lib.guro.go.kr,"Weekdays : 09:00~22:00, Weekends : 09:00~22:00",Every Tuesday and Legal Holidays,1,Public Library,37.49008228,126.8584998
2816,Gocheokyeolrin Library,25,Guro-gu,Seoul gurogu gyeonginro43gil 49,02-2615-2006,http://lib.guro.go.kr,"Weekdays : 09:00~20:00, Weekends : 09:00~17:00",Every Monday and Legal Holidays,1,Public Library,37.4990691887707,126.857532971967
880,Guro District onnuri Library,25,Guro-gu,"Seoul gurogu gurojungangro27nagil 9, 4F (gurochodeunghakgyo onnurigwan)",02-858-9080,http://lib.guro.go.kr,"Weekdays : 09:00~22:00, Weekends : 09:00~22:00",Every Tuesday and Legal Holidays,1,Public Library,37.49751199,126.8854812
2135,Gurogijeokui Library,25,Guro-gu,Seoul gurogu gurojungangro40gil 24(sindorimdong),02-2632-8878,http://lib.guro.go.kr,"Weekdays : 10:00~20:00, Weekends : 10:00~17:00",Every Monday and Legal Holidays,1,Public Library,37.50673545,126.877376
41,Gurokkumnamu Library,25,Guro-gu,"Seoul gurogu gurodongro26gil 54, 2F (gurogusiseolgwanrigongdan)",02-830-1623,http://lib.guro.go.kr,"Weekdays : 10:00~19:00, Weekends : 10:00~17:00",Every Tuesday and Legal Holidays,1,Public Library,37.50622215,126.8920012
2876,Guromirae Library,25,Guro-gu,Seoul gurogu saemalro 111,02-854-7466,http://lib.guro.go.kr,"Weekdays : 09:00 ~ 20:00, Weekends : 09:00 ~ 17:00",Every Tuesday and Legal Holidays,1,Public Library,37.50705341,126.89141811
2136,Gungdong Children Library,25,Guro-gu,Seoul gurogu oriro 1352,02-2060-8229,http://lib.guro.go.kr,"Weekdays : 10:00~19:00, Weekends : 10:00~17:00",Every Tuesday and Legal Holidays,1,Public Library,37.50531416,126.8928724
884,Geulmaruhanok Children Library,25,Guro-gu,Seoul gurogu gocheokro27bagil 7,02-2615-8200,http://lib.guro.go.kr,"Weekdays : 10:00~19:00, Weekends : 10:00~17:00",Every Tuesday and Legal Holidays,1,Public Library,37.50692111,126.8456405
61,Kkummaeul Library,25,Guro-gu,Seoul gurogu dijiteolro27dagil 65,02-830-5807,http://lib.guro.go.kr,"Weekdays : 09:00~22:00, Weekends : 09:00~22:00",Every Monday and Legal Holidays,1,Public Library,37.48714477,126.8901557
17,Seoulgyoyukcheonggocheok Library,25,Guro-gu,Seoul gurogu gocheokro45gil 31,02-2615-0524,http://gclib.sen.go.kr,"Weekdays : 09:00~20:00, Weekends : 09:00~17:00","2,4week Wednesday and Legal Holidays",1,Public Library,37.50534626,126.8530515
18,Seoulgyoyukcheongguro Library,25,Guro-gu,Seoul gurogu gongwonro 15,02-6958-2800,http://grlib.sen.go.kr,"Weekdays : 09:00~20:00, Weekends : 09:00~17:00","1,3week Wednesday and Legal Holidays",1,Public Library,37.49867236,126.8911162
881,Haneul Library,25,Guro-gu,Seoul gurogu gurodongro13gil 68,02-864-9585(6),http://lib.guro.go.kr,"Weekdays : 09:00~22:00, Weekends : 09:00~22:00",Every Tuesday and Legal Holidays,1,Public Library,37.50531416,126.8928724
2811,Hangdongpureun Library,25,Guro-gu,Seoul gurogu yeondongro 290-46 (hangdong),02-2613-2022,http://lib.guro.go.kr,"Weekdays : 09:00~21:00, Weekends : 09:00~17:00",Every Monday and Legal Holidays,1,Public Library,37.4847517655523,126.82471761839
62,Geumcheon District gasan Library,6,Geumcheon-gu,Seoul geumcheongu gasanro5gil 43,02-865-6817~9,http://geumcheonlib.seoul.kr,"Weekdays : 07:00~22:00, Weekends : 07:00~22:00","매월 두번째, 네번째 Monday and Legal Holidays",1,Public Library,37.47349155,126.8921299
101,Geumcheon District geumnarae Library,6,Geumcheon-gu,Seoul geumcheongu siheungdaero73gil 70,02-2627-2991,http://geumcheonlib.seoul.kr,"Weekdays : 09:00~22:00, Weekends : 09:00~22:00",매월 마지막week Sunday and Legal Holidays,1,Public Library,37.45690514,126.8953686
42,Geumcheon District doksan Library,6,Geumcheon-gu,Seoul geumcheongu doksanro54gil 114,02-863-9544,http://geumcheonlib.seoul.kr,"Weekdays : 07:00~22:00, Weekends : 07:00~22:00","매월 첫번째,세번째 Monday and Legal Holidays",1,Public Library,37.4675797,126.908105
1379,Geumcheon District siheung Library,6,Geumcheon-gu,Seoul geumcheongu geumharo 764(siheungdong) geumcheonjonghapbokjitaun(siheung2dong Community Center),02-809-8242,http://geumcheonlib.seoul.kr,"Weekdays : 07:00~22:00, Weekends : 07:00~22:00","매월 첫번째,세번째 Friday and Legal Holidays",1,Public Library,37.4496304162832,126.91461133809
36,Nowon Children Library,22,Nowon-gu,Seoul nowongu hangeulbiseokro 346,02-933-7145,http://www.nowonlib.kr,"Weekdays : 09:00~18:00, Weekends : 09:00~17:00","매달 2nd, 4th Monday and Legal Holidays",1,Public Library,37.65795038,127.07638
37,Nowonjungang Library,22,Nowon-gu,Seoul nowongu nowonro34gil 43,02-950-0050,http://www.nowonlib.kr,"Weekdays : 09:00~20:00, Weekends : 09:00~17:00","매월 1st,3rd Monday and Legal Holidays",1,Public Library,37.66109973,127.0650094
2877,Nowonhyumeonraibeureori,22,Nowon-gu,Seoul nowongu nowonro34gil 43 jiha1F,02-950-0041,https://www.nowonlib.kr/human,화~Saturday 09:00~17:00,Every Sunday,1,Public Library,37.66109973,127.0650094
2132,Bulam Library,22,Nowon-gu,Seoul nowongu junggyero 106,02-935-0721,http://www.nowonlib.kr,"Weekdays : 09:00~20:00, Weekends : 09:00~17:00","매월 1st,3rd Monday and Legal Holidays",1,Public Library,37.64528936,127.0825433
877,Sanggye Library,22,Nowon-gu,Seoul nowongu dongilro243gil 57,02-3391-7882,http://www.nowonlib.kr,"Weekdays : 09:00~20:00, Weekends : 09:00~17:00","매달 2nd, 4th Monday and Legal Holidays",1,Public Library,37.67852767,127.0519406
11,Seoulgyoyukcheongnowonpyeongsaenghakseupgwan,22,Nowon-gu,Seoul nowongu dongilro204gil 13,02-979-1741,http://nwllc.sen.go.kr,"Weekdays : 09:00~20:00, Weekends : 09:00~17:00","2,4week Monday and Legal Holidays",1,Public Library,37.63953995,127.067837
79,Wolgye Library,22,Nowon-gu,Seoul nowongu wolgyero 319,02-991-0871,http://www.nowonlib.kr,"Weekdays : 09:00~20:00, Weekends : 09:00~17:00 *리모델링 중(2023.05~2024.06)","매월 1st, 3rd Monday and Legal Holidays",1,Public Library,37.62863532,127.0561218
2137,Wolgye Children Library,22,Nowon-gu,Seoul wolgyero 42gil 9 wolgye Culture bokjisenteo,070-4238-5148,http://www.nowonlib.kr/,"Weekdays : 09:00~20:00, Weekends : 09:00~17:00","매달 2nd, 4th Monday and Legal Holidays",1,Public Library,37.62426736,127.0507933
2770,Hagye Children Library,22,Nowon-gu,Seoul nowongu gongreungro62gil 18(hagyeeoulrimsenteo),02-979-7644,http://www.nowonlib.kr/,"Weekdays : 09:00~18:00, 토 : 09:00~17:00","Every Sunday, Legal Holidays",1,Public Library,37.6361041371415,127.072424081321
1070,Hwarang Library,22,Nowon-gu,Seoul nowongu nowonro1nagil 10,02-973-1318,http://www.gycenter.or.kr/,"Weekdays : 09:00~22:00, 토 : 09:00~18:00, 일 : 09:00~17:00","Every Monday, Legal Holidays",1,Public Library,37.62151605,127.0830474
2765,Gimgeuntaeginyeom Library,23,Dobong-gu,Seoul dobonggu dobongsangil 14,02-956-3100,"http://www.unilib.dobong.kr/, www.geuntae.co.kr ","Weekdays : 09:00~20:00, Weekends : 09:00~17:00",EveryMondayandLegal Holidays,1,Public Library,37.6876674374375,127.044019937677
2878,Dobonggu Librarygihoek Information hwatim,23,Dobong-gu,Seoul dobonggu nohaero 63gil 43 dobongguhaengjeongjiwonsenteo 3F jaedanbeopin dobong Culture jaedan,02-900-1835,https://www.dbfac.or.kr/,자치구도서관 공지사항 계정용-검색 제외,자치구도서관 공지사항 계정용-검색 제외,1,Public Library,37.65270701,127.0439373
1840,Dobonggijeokui Library,23,Dobong-gu,Seoul dobonggu madeulro 797,02-3493-7171,http://www.unilib.dobong.kr/,"Weekdays : 09:00~20:00, Weekends : 09:00~17:00",EveryTuesdayandLegal Holidays,1,Public Library,37.68080449,127.0501336
35,Dobong Culture Information Library,23,Dobong-gu,Seoul dobonggu deokreungro 315,02-900-1835,http://www.unilib.dobong.kr/,"Weekdays : 09:00~22:00, Weekends : 09:00~17:00",EveryTuesdayandLegal Holidays,1,Public Library,37.64477544,127.0438644
95,Dobongainara Library,23,Dobong-gu,Seoul dobonggu nohaero 69gil 151,02-995-4171~2,http://www.unilib.dobong.kr/,"Weekdays : 09:00~20:00, Weekends : 09:00~17:00",EveryTuesdayandLegal Holidays,1,Public Library,37.65904725,127.0495075
1839,Dulri Library,23,Dobong-gu,Seoul dobonggu sirubongro1gil 6,02-990-2200,http://www.unilib.dobong.kr/,"Weekdays : 10:00~18:00, Weekends : 10:00~18:00",EveryMondayandLegal Holidays,1,Public Library,37.65243153,127.0276397
10,Seoulgyoyukcheongdobong Library,23,Dobong-gu,Seoul dobonggu samyangro 556,02-6714-7400,http://dblib.sen.go.kr/,"Weekdays : 09:00~20:00, Weekends : 09:00~17:00","2,4week Wednesday and Legal Holidays",1,Public Library,37.65253218,127.0127628
2174,Ssangmunchaeum Library,23,Dobong-gu,Seoul dobonggu uicheonro 340,02-998-0910,http://www.unilib.dobong.kr/,"Weekdays : 09:00~20:00, Weekends : 09:00~17:00",EveryMondayandLegal Holidays,1,Public Library,37.6441856,127.0294746
2809,Wondangmaeulhanok Library,23,Dobong-gu,Seoul dobonggu haedeungro32gagil 17 (banghakdong),02-906-2022,http://www.unilib.dobong.kr/,"Weekdays : 09:00~20:00(동절기 11/1~2/28, 09:00~18:00), Weekends : 09:00~17:00",EveryTuesdayandLegal Holidays,1,Public Library,37.6602917907669,127.021798339761
103,Hakmaeul Library,23,Dobong-gu,Seoul dobonggu sirubongro 128,02-955-0655,http://www.unilib.dobong.kr/,"Weekdays : 09:00~22:00, Weekends : 09:00~17:00",EveryMondayandLegal Holidays,1,Public Library,37.6621577,127.0278303
1389,Dongdaemungudapsipri Library,18,Dongdaemun-gu,Seoul dongdaemungu seoul City daero4gil 75,02-982-1959,http://www.l4d.or.kr,"Weekdays : 09:00~22:00, Weekends : 09:00~18:00",Every Friday and Legal Holidays(Sunday 제외),1,Public Library,37.57319319,127.0503606
58,Dongdaemungu Information hwa Library,18,Dongdaemun-gu,Seoul dongdaemungu hoegiro10gil 60,02-960-1959,http://www.l4d.or.kr,"Weekdays : 09:00~22:00, Weekends : 09:00~18:00",Every Monday and Legal Holidays(Sunday 제외),1,Public Library,37.58996904,127.0472892
2700,Dongdaemunchaekmadang Library,18,Dongdaemun-gu,Seoul dongdaemungu cheonhodaero 145,02-2127-4116,http://www.l4d.or.kr,Weekdays : 09:00~18:00,Legal Holidays,1,Public Library,37.5743917161622,127.039896580148
2474,Baebongsan supsok Library,18,Dongdaemun-gu,Seoul dongdaemungu jeonnongro16gil 97,02-2212-8502,http://www.l4d.or.kr,"Weekdays : 09:00~22:00, Weekends : 09:00~18:00",Every Monday and Legal Holidays(Sunday 제외),1,Public Library,37.5784361,127.0605702
9,Seoulgyoyukcheongdongdaemun Library,18,Dongdaemun-gu,Seoul dongdaemungu cheonhodaero4gil 22,02-2170-1000,http://ddmlib.sen.go.kr,"Weekdays : 09:00~20:00, Weekends : 09:00~17:00","2,4week Wednesday and Legal Holidays",1,Public Library,37.57348736,127.0247655
878,Yongdu Children yeongeo Library,18,Dongdaemun-gu,Seoul dongdaemungu muhakro 133 yongdu Children yeongeo Library,02-921-1959,http://www.l4d.or.kr,"Weekdays : 10:00~18:00, Weekends : 10:00~18:00",Every Friday and Legal Holidays(Sunday 제외),1,Public Library,37.5761082561519,127.030319027076
879,Jangan Children Library,18,Dongdaemun-gu,Seoul dongdaemungu janghanro26dagil 10 (jangandong),02-2249-1959,http://www.l4d.or.kr,"Weekdays : 10:00~18:00, Weekends : 10:00~18:00",Every Friday and Legal Holidays(Sunday 제외),1,Public Library,37.571244986067,127.073201039917
2844,Jegidonggamchomaeulhyeonjingeonginyeom Library,18,Dongdaemun-gu,Seoul dongdaemungu yakryeongsiro9gil 45,02-928-3141,http://www.l4d.or.kr,"Weekdays : 09:00~18:00, Weekends : 09:00~18:00",Every Friday and Legal Holidays(Sunday 제외),1,Public Library,37.58509082,127.03511746
1406,Hwigyeong Children Library,18,Dongdaemun-gu,Seoul dongdaemungu manguro18gagil 38,02-2248-1959,http://www.l4d.or.kr/,"Weekdays : 09:00~18:00, Weekends : 09:00~18:00","Every Monday, Legal Holidays",1,Public Library,37.58868538,127.0606088
2812,Hwigyeonghaengbok Library,18,Dongdaemun-gu,Seoul dongdaemungu janganbeojkkochro 323 (hwigyeongdong),02-2249-9701,http://www.l4d.or.kr,"Weekdays : 09:00~22:00, Weekends : 09:00~18:00",Every Friday and Legal Holidays(Sunday 제외),1,Public Library,37.5871742821863,127.069938991404
2701,District gimyeongsam Library,4,Dongjak-gu,Seoul dongjakgu maebongro 1(sangdo1dong 611),02-827-0557,http://lib.dongjak.go.kr,"Weekdays : 09:00~22:00, Weekends : 09:00~17:00","Every Monday, Legal Holidays",1,Public Library,37.5054736143919,126.949967197122
2863,Geurisim Small Library,4,Dongjak-gu,Seoul dongjakgu sadangro259,,http://lib.dongjak.go.kr/,"Weekdays : 월,금,일 : 13:00~17:00","Tuesday, Wednesday, Thursday, Saturday",1,Public Library,37.48375136,126.97638352
2766,Kkamangdol Library,4,Dongjak-gu,Seoul dongjakgu seodalro 129(heukseokdong 340-1),02-815-3701,http://lib.dongjak.go.kr,"Weekdays : 09:00~18:00, Weekends : 09:00?17:00","Every Monday, Legal Holidays",1,Public Library,37.5051202142839,126.960611023195
1380,Daebang Children Library,4,Dongjak-gu,Seoul dongjakgu daebangdonggil55(daebangdong379-2),02-813-6740,http://lib.dongjak.go.kr,"Weekdays : 09:00~18:00, Weekends : 09:00~17:00","Every Monday, Legal Holidays",1,Public Library,37.51310982,126.9311477
84,Dongjakyeongeomaru Library,4,Dongjak-gu,Seoul dongjakgu jangseungbaegiro 16gil 98(noryangjin 2dong 225-161),02-823-6750,http://lib.dongjak.go.kr,"Weekdays : 09:00~18:00, Weekends : 09:00~17:00","Every Monday, Legal Holidays",1,Public Library,37.50919685,126.9434278
1381,Sadangsolbat Library,4,Dongjak-gu,Seoul dongjakgu solbatro 86,02-585-8411-2,http://lib.dongjak.go.kr,"Weekdays : 09:00~22:00, Weekends : 09:00~17:00","Every Monday, Legal Holidays",1,Public Library,37.48408051,126.9673502
20,Seoulgyoyukcheongdongjak Library,4,Dongjak-gu,Seoul dongjakgu jangseungbaegiro 94,02-823-6419,http://djlib.sen.go.kr,"Weekdays : 09:00~20:00, Weekends : 09:00~17:00","2,4week Friday and Legal Holidays",1,Public Library,37.50596898,126.9401028
2817,Sindaebangnuri Library,4,Dongjak-gu,Seoul dongjakgu sindaebang1dagil 19(sindaebangdong 686-78),02-849-8588,http://lib.dongjak.go.kr,"Weekdays : 09:00~18:00, Weekends : 09:00?17:00","Every Monday, Legal Holidays",1,Public Library,37.4860651685197,126.905885428932
2140,Yaksu Library,4,Dongjak-gu,Seoul dongjakgu yangnyeongro22bagil 64(sangdodong),02-823-1907,http://lib.dongjak.go.kr,"Weekdays : 09:00~18:00, Weekends : 09:00?17:00","Every Monday, Legal Holidays",1,Public Library,37.4978869,126.9474565
90,Mapo District seogang Library,11,Mapo-gu,Seoul mapogu dokmakro 165,02-3141-7053,https://mplib.mapo.go.kr/sglib/index.do,"Weekdays : 09:00~22:00, Weekends : 09:00~20:00",Every Tuesday and Legal Holidays,1,Public Library,37.54773525,126.9320621
1927,Mapojungang Library,11,Mapo-gu,Seoul mapogu seongsanro 128(seongsandong),02-3153-5800,http://www.mplib.mapo.go.kr,"Weekdays : 09:00~22:00, Weekends : 09:00~20:00",EveryMondayandLegal Holidays,1,Public Library,37.56379606,126.9082023
1882,Mapopureume Children Library,11,Mapo-gu,Seoul mapogu woldeukeopbukro 494 pureumejaedan nekseun Children jaehwalbyeongwon 1F,02-6070-9286,http://www.mplib.mapo.go.kr,"Weekdays : 09:00~18:00, Weekends : Saturday:10:00~16:00",Every Sunday and Legal Holidays,1,Public Library,37.58464747,126.8805204
13,Seoulgyoyukcheongmapopyeongsaenghakseupgwan,11,Mapo-gu,Seoul mapogu hongikro2gil 16,02-2137-0000,http://mpllc.sen.go.kr,"Weekdays : 09:00~20:00, Weekends : 09:00~17:00","2,4week Monday and Legal Holidays",1,Public Library,37.5543221,126.9242045
14,Seoulgyoyukcheongmapopyeongsaenghakseupgwanahyeonbungwan,11,Mapo-gu,Seoul mapogu mapodaero 224,02-362-8785,http://ahyon.sen.go.kr,"Weekdays : 09:00~20:00, Weekends : 09:00~17:00","2,4week Monday and Legal Holidays",1,Public Library,37.55416693,126.9573466
2767,Sogeumnaru Library,11,Mapo-gu,Seoul sungmungil 72,02-3153-1600,https://mplib.mapo.go.kr/sglib/index.do,"Weekdays : 09:00~22:00, Weekends : 09:00~20:00","Every Friday, Legal Holidays",1,Public Library,37.5495242956499,126.946234009951
108,Namgajwasaerom Children Library,14,Seodaemun-gu,Seoul seodaemungu jeunggaro10gil 16-15,02-360-8639,http://lib.sdm.or.kr,"Weekdays : 09:00~18:00, Weekends : 09:00~17:00",Every Monday and Legal Holidays,1,Public Library,37.5783399,126.9240451
40,Seodaemun District ijinaginyeom Library,14,Seodaemun-gu,Seoul seodaemungu dokripmungongwongil 80,02-360-8600,http://lib.sdm.or.kr,"Weekdays : 09:00~18:00, Weekends : 09:00~17:00",Every Monday and Legal Holidays,1,Public Library,37.57295407,126.9555492
12,Seoulgyoyukcheongseodaemun Library,14,Seodaemun-gu,Seoul seodaemungu moraenaero 412,02-6948-2115,http://sdmlib.sen.go.kr,"Weekdays : 09:00~20:00, Weekends : 09:00~17:00","1,3week Tuesday and Legal Holidays",1,Public Library,37.58331954,126.9408583
1072,Hongeundodam Library,14,Seodaemun-gu,Seoul seodaemungu hongeunjungangro 129,02-360-8640,http://lib.sdm.or.kr/,"Weekdays : 09:00~18:00, Weekends : 09:00~17:00",Every Friday,1,Public Library,37.60177311,126.9489548
1985,Bangbae Library,7,Seocho-gu,Seoul seochogu bangbaero 40,02-3471-3993,https://bangbae.seocholib.or.kr/,"Weekdays : 09:00~21:00, Weekends : 09:00~18:00","Every Monday, Legal Holidays, 임시 Holidays",1,Public Library,37.4784386,126.9999959
1986,Seoi Library,7,Seocho-gu,Seoul seochogu seochodaero70gil 51,02-3471-1337,https://seoi.seocholib.or.kr/,"Weekdays : 09:00~21:00, Weekends : 09:00~18:00","Every Monday, Legal Holidays, 임시 Holidays",1,Public Library,37.49206882,127.0249474
1984,Seocho District naegok Library,7,Seocho-gu,Seoul seochogu cheonggyesanro7gil 9-20,02-3461-3007,http://naegok.seocholib.or.kr,"Weekdays : 09:00~22:00, Weekends : 09:00~18:00","Every Monday, Legal Holidays, 임시 Holidays",1,Public Library,37.45200429,127.054445
2494,Seocho District banpo Library,7,Seocho-gu,Seoul seochogu gomuraero 34,02-520-8700,http://www.seocholib.or.kr,"Weekdays : 09:00~22:00, Weekends : 09:00~18:00","Every Monday, Legal Holidays, 임시 Holidays",1,Public Library,37.50248627,127.0125127
2814,Seocho District bangbaesuphwangyeong Library,7,Seocho-gu,Seoul seochogu seochodaero 160-7 bangbaedong,02-537-6001,https://forest.seocholib.or.kr/,"Weekdays : 09:00~22:00, Weekends : 09:00~18:00","Every Friday, Legal Holidays",1,Public Library,37.4889652460814,127.000116239028
2497,Seocho District yangjae Library,7,Seocho-gu,Seoul seochogu yangjaecheonro 33,02-3486-4050,https://yangjae.seocholib.or.kr/,"Weekdays : 09:00~22:00, Weekends : 09:00~20:00","Every Friday, Legal Holidays, 임시 Holidays",1,Public Library,37.473679184261,127.03357244367
2491,Seochogeurimchaek Library,7,Seocho-gu,Seoul seochogu myeongdalro 150,02-3471-0995,https://picturebook.seocholib.or.kr/,"Weekdays : 09:00~21:00, Weekends : 09:00~18:00","Every Monday, Legal Holidays, 임시 Holidays",1,Public Library,37.49060375,127.0050971
2702,Seochocheongsonyeon Library,7,Seocho-gu,Seoul seochogu hyoryeongro77gil 37,02-3486-9543,https://seocho.seocholib.or.kr/,"Weekdays : 10:00~22:00, Weekends : 09:00~20:00","Every Tuesday, Legal Holidays, 임시 Holidays",1,Public Library,37.4922947174801,127.028158005531
2141,Jamwon Library,7,Seocho-gu,Seoul seochogu naruteoro 38,02-3477-8655,https://jamwon.seocholib.or.kr/,"Weekdays : 09:00~21:00, Weekends : 09:00~18:00","Every Monday, Legal Holidays, 임시 Holidays",1,Public Library,37.51496828,127.0139817
55,Seongdong District geumho Library,13,Seongdong-gu,Seoul seongdonggu nangyero 20,02-2204-6450,www.sdlib.or.kr/KH,"화~금 07:00~22:00, 토~일 09:00~20:00",Every Monday and Legal Holidays,1,Public Library,37.55413024,127.0248941
26,Seongdong District Library,13,Seongdong-gu,Seoul seongdonggu gosanjaro10gil 9,02-2204-6420,www.sdlib.or.kr/SD,화~일 07:00~22:00,Every Monday and Legal Holidays,1,Public Library,37.55918517,127.0349643
2703,Seongdong District maebongsansupsok Library,13,Seongdong-gu,Seoul seongdonggu maebonggil 49-29,02-2204-6485,www.sdlib.or.kr/fore,화~일 10:00~20:00,Every Monday and Legal Holidays,1,Public Library,37.5459069985043,127.010811657225
2501,Seongdong District mujigae Library,13,Seongdong-gu,Seoul seongdonggu gosanjaro 270,02-2286-6025,www.sdlib.or.kr/RB,"월 09:00~18:00, 화~일 09:00~21:00",Legal Holidays,1,Public Library,37.56342271,127.0369648
2502,Seongdong District seongsu Library,13,Seongdong-gu,Seoul seongdonggu ttukseomro1gil 43,02-2204-7590,www.sdlib.or.kr/SS,"화~금 08:00~22:00, 토~일 09:00~20:00",Every Monday and Legal Holidays,1,Public Library,37.54542874,127.0469481
59,Seongdong District yongdap Library,13,Seongdong-gu,Seoul seongdonggu yongdapjungang3gil 10,02-2204-6480,www.sdlib.or.kr/YD,"화~금 07:00~22:00, 토~일 09:00~20:00",Every Monday and Legal Holidays,1,Public Library,37.56670257,127.0513055
2503,Seongdong District cheonggye Library,13,Seongdong-gu,Seoul seongdonggu majangro 141,02-2204-7580,www.sdlib.or.kr/CG,화~일 09:00~20:00,Every Monday and Legal Holidays,1,Public Library,37.56395923,127.0358722
2704,Geulbich Library,19,Seongbuk-gu,Seoul seongbukgu gileumro7gil 20,02-6906-0559,https://www.sblib.seoul.kr/gbitlib/index.do,"Weekdays : 09:00~18:00, Weekends : 09:00~18:00","Every Monday / Sunday을 제외한 Legal Holidays, 도서관사정에 의한 임시휴관일",1,Public Library,37.6037552097988,127.022203675321
1077,Dalbichmaru Library,19,Seongbuk-gu,Seoul seongbukgu jongamro 167 104dong 2F,02-911-0993,http://dalbit.sblib.seoul.kr,"Weekdays : 09:00~18:00, Wednesday 종합자료실 연장개관 09:00~21:00 Weekends : 09:00~18:00","Every Monday, Legal Holidays",1,Public Library,37.60505817,127.0309905
2879,Bomunsupgil Library,19,Seongbuk-gu,Seoulsi seongbukgu bomunsagil 20,02-6953-0279,https://www.sblib.seoul.kr/bmlib/index.do,09:00 ~ 18:00,Every Monday,1,Public Library,37.5849221305375,127.016172054222
1075,Seokgwandongmirinae Library,19,Seongbuk-gu,Seoul seongbukgu hancheonro66gil 203,02-960-5067,http://mirinae.sblib.seoul.kr,"Weekdays : 09:00~18:00, Weekends : 09:00~18:00","Every Monday, Legal Holidays",1,Public Library,37.6134739565291,127.065492174976
2178,Seongbukgilbich Library,19,Seongbuk-gu,Seoul seongbukgu sunginro8gil 52,02-6949-0031,https://www.sblib.seoul.kr/gblib,"Weekdays : 09:00~18:00, Weekends : 09:00~18:00","Every Monday / Sunday을 제외한 Legal Holidays, 도서관사정에 의한 임시휴관일",1,Public Library,37.6099592726924,127.026441403711
30,Seongbuk Information Library,19,Seongbuk-gu,Seoul seongbukgu hwarangro18jagil 13,02-962-1081,http://lib.sblib.seoul.kr,"Weekdays : 09:00~22:00, Weekends : 09:00~18:00","매월 1st, 3rdweek Monday, Legal Holidays",1,Public Library,37.60497334,127.0505857
31,Arirang Library,19,Seongbuk-gu,Seoul seongbukgu arirangro 82,02-3291-4990,https://www.sblib.seoul.kr/arlib/index.do,"Weekdays : 09:00~22:00, Weekends : 09:00~18:00","매월 2nd, 4thweek Monday",1,Public Library,37.6000591720455,127.01392636583
2142,Arirang Children Library,19,Seongbuk-gu,Seoul seongbukgu arirangro 75,02-3291-4992,https://www.sblib.seoul.kr/arclib/index.do,"Weekdays : 09:00~18:00, Weekends : 09:00~18:00","매월 두 번째, 네 번째 Monday",1,Public Library,37.59882719,127.0136237
1992,Wolgokkkumgeurim Library,19,Seongbuk-gu,Seoul seongbukgu hwarangro13gil 17 wolgokkkumgeurim Library,02-6949-1553,www.sblib.seoul.kr/wglib/,"Weekdays, Weekends : 09:00~18:00(수,금 : 09:00~20:00)","Monday,Legal Holidays",1,Public Library,37.60477383,127.0406257
2509,Jangwihaengboknurim Library,19,Seongbuk-gu,Seoul seongbukgu jangwiro21dagil53,02-6954-7955,https://www.sblib.seoul.kr/jwlib/,"Weekdays : 09:00~18:00, Weekends : 09:00~18:00",Every Monday and Legal Holidays,1,Public Library,37.6157898,127.0435886
1384,Jeongreung Library,19,Seongbuk-gu,Seoul seongbukgu jeongreungro 242,02-2038-9928,http://jn.sblib.seoul.kr/,"Weekdays : 09:00~18:00, Weekends : 09:00~18:00","Every Monday, Legal Holidays",1,Public Library,37.60474095,127.0105829
2511,Jongamdongsaenal Library,19,Seongbuk-gu,Seoul seongbukgu jongamro 98-8,02-6925-6920,http://sn.sblib.seoul.kr,"Weekdays : 09:00~18:00, Weekends : 09:00~18:00","Every Monday, Legal Holidays",1,Public Library,37.5990314,127.035222
1387,Cheongsu Library,19,Seongbuk-gu,Seoul seongbukgu bogukmunro16gagil 20,02-2038-4423,http://ch.sblib.seoul.kr/,"Weekdays : 09:00~18:00, Weekends : 09:00~18:00","Every Monday / Sunday을 제외한 Legal Holidays, 도서관사정에 의한 임시휴관일",1,Public Library,37.61175536,127.0107763
1073,Haeoreum Library,19,Seongbuk-gu,Seoul seongbukgu seongbukro4gil 52,02-6925-7002,https://www.sblib.seoul.kr/horlib/,"Weekdays : 09:00~18:00, Weekends : 09:00~18:00",Every Monday and Legal Holidays,1,Public Library,37.59558967,127.0121197
1844,Garakmol Library,9,Songpa-gu,Seoul songpagu yangjaedaero 932 seoulsinongsusansikpumgongsa garakmol eopmudong 4F,"02-3435-0950, 0956",http://www.splib.or.kr,"Weekdays : 09:00~18:00, Weekends : 09:00~18:00","Every Monday, Legal Holidays",1,Public Library,37.49467422,127.1086491
54,Geoma Library,9,Songpa-gu,Seoul songpagu geomaro2gil19,02-449-2332,http://www.splib.or.kr,"Weekdays : 09:00~22:00, Weekends : 09:00~20:00 어린이자료실: 09:00~18:00'","Every Monday, Legal Holidays",1,Public Library,37.4935326,127.146824
1409,Dolmari Library,9,Songpa-gu,Seoul songpagu baekjegobunro 37gil 16,02-414-7007,http://www.splib.or.kr,"Weekdays : 09:00~22:00, Weekends : 09:00~18:00","Every Monday, Legal Holidays",1,Public Library,37.50356529,127.1036861
23,Seoulgyoyukcheongsongpa Library,9,Songpa-gu,Seoul songpagu dongnamro 263,02-3434-3333,http://splib.sen.go.kr,"Weekdays : 09:00~20:00, Weekends : 09:00~17:00","2,4week Tuesday and Legal Holidays",1,Public Library,37.49999503,127.1348515
887,Sonamueondeok2ho Library,9,Songpa-gu,Seoul songpagu seokchonhosuro 155 jamsil3dong jachihoegwan 2gwan 2F,02-424-0083,http://www.splib.or.kr,"Weekdays : 09:00~22:00, Weekends : 09:00~18:00","Every Monday, Legal Holidays",1,Public Library,37.5072682,127.0942189
888,Sonamueondeok3ho Library,9,Songpa-gu,Seoul songpagu seongnaecheonro 319 4F,02-443-0130,http://www.splib.or.kr,"Weekdays : 09:00~22:00, Weekends : 09:00~18:00","Every Monday, Legal Holidays",1,Public Library,37.49233228,127.1566451
890,Sonamueondeokjamsilbondong Library,9,Songpa-gu,"Seoul songpagu tancheondongro 205 (jamsilbismulpeompeujang gwansadong 1,2F)",02-412-0750,http://www.splib.or.kr,"Weekdays : 09:00~18:00, Weekends : 09:00~18:00","Every Monday, Legal Holidays",1,Public Library,37.50309253,127.0788491
1385,Songpageulmaru Library,9,Songpa-gu,Seoul songpagu chungminro 120,02-449-8855,http://www.splib.or.kr,"Weekdays : 09:00~22:00, Weekends : 09:00~20:00 어린이자료실: 09:00~18:00","Every Monday, Legal Holidays",1,Public Library,37.4808353,127.1304785
111,Songpa Children Library,9,Songpa-gu,Seoul songpagu olrimpikro 105 (jamsildong 19-6),02-418-0303,http://www.splib.or.kr,"Weekdays : 09:00~18:00, Weekends : 09:00~18:00","Every Monday, Legal Holidays",1,Public Library,37.51210257,127.0823945
891,Songpa Children yeongeo Library,9,Songpa-gu,Seoul songpagu ogeumro 1(sincheondong) sincheonbismulpeompeujang 4~5F,02-415-3567,http://www.splib.or.kr,"Weekdays : 09:00~18:00, Weekends : 09:00~18:00","Every Monday, Legal Holidays",1,Public Library,37.5223926038778,127.102983014327
1970,Songpawirye Library,9,Songpa-gu,"Seoul songpagu jangjidong wiryegwangjangro 210 wiryedongbokhapcheongsa 4, 5F",02-402-3003,http://www.splib.or.kr,"Weekdays : 09:00~22:00, Weekends : 09:00~20:00 어린이자료실: 09:00~18:00","Every Monday, Legal Holidays",1,Public Library,37.48116507,127.1439372
1843,Jisaemteoolrimpikgongwon Library,9,Songpa-gu,Seoul songpagu olrimpikro 424(bangidong) seupocheubijeuhol 1F,02-2180-3578,https://www.ksponco.or.kr/lib/,"Weekdays : 09:00~19:00, Weekends : 09:00~18:00","Every Monday, Legal Holidays",1,Public Library,37.51225244,127.1135035
1408,Galsan Library,2,Yangcheon-gu,Seoul yangcheongu mokdongnamro4gil 48-6,02-2645-5919,http://lib.yangcheon.or.kr/,"Weekdays : 09:00~22:00, Weekends : 09:00~18:00",Every Monday and Legal Holidays,1,Public Library,37.508861705719,126.867311562837
650,Gaeulgeongang Library,2,Yangcheon-gu,Seoul yangcheongu jungangro52gil 56,02-2603-5919,http://lib.yangcheon.or.kr/,"Weekdays : 09:00~22:00, Weekends : 09:00~18:00",Every Sunday and Legal Holidays,1,Public Library,37.52597157,126.8565997
1412,Mokmagyoyuk Library,2,Yangcheon-gu,Seoul yangcheongu mokdongseoro 41 mok5dong Community Center,02-2652-5919,http://lib.yangcheon.or.kr/,"Weekdays : 09:00~22:00, Weekends : 09:00~18:00",Every Sunday and Legal Holidays,1,Public Library,37.54250898,126.8721113
656,Migam Library,2,Yangcheon-gu,Seoul yangcheongu mokdongjungangnamro 57-10(mokdong) moksarangsijanggogaekjuchajang mich gongyusenteo 3F,02-2653-5919,http://lib.yangcheon.or.kr/,"Weekdays : 09:00~18:00, Weekends : 09:00~18:00",Every Sunday and Legal Holidays,1,Public Library,37.5389681521143,126.865489157491
651,Bangadarimunhak Library,2,Yangcheon-gu,Seoul yangcheongu hwagokro4gil 10,02-2604-5919,http://lib.yangcheon.or.kr/,"Weekdays : 09:00~22:00, Weekends : 09:00~18:00",Every Sunday and Legal Holidays,1,Public Library,37.53858309,126.8271748
15,Seoulgyoyukcheongyangcheon Library,2,Yangcheon-gu,Seoul yangcheongu mokdongseoro 113,02-2062-3900,http://yclib.sen.go.kr,"Weekdays : 09:00~20:00, Weekends : 09:00~17:00","1,3week Thursday and Legal Holidays",1,Public Library,37.53349939,126.8757691
56,Sinwoleumak Library,2,Yangcheon-gu,Seoul yangcheongu omokro5gil 34,02-2691-5919,http://lib.yangcheon.or.kr/,"Weekdays : 09:00~22:00, Weekends : 09:00~18:00",Every Monday and Legal Holidays,1,Public Library,37.5246975,126.8400821
2714,Yangcheonjungang Library,2,Yangcheon-gu,Seoul yangcheongu sinjeongro7gil 81,02-2699-5919,http://lib.yangcheon.or.kr/,"Weekdays : 09:00~22:00, Weekends : 09:00~18:00",Every Friday and Legal Holidays,1,Public Library,37.5137253865171,126.833817461636
1407,Yeongeoteukseonghwa Library,2,Yangcheon-gu,Seoul yangcheongu mokdongdongro 81 haenuritaun 7F yangcheonyeongeo Library mich yeongeocheheomsenteo,02-2642-5919,http://lib.yangcheon.or.kr/,"Weekdays : 09:00~22:00, Weekends : 09:00~18:00",Every Sunday and Legal Holidays,1,Public Library,37.5159767,126.8638554
1841,Haemajiyeoksa Library,2,Yangcheon-gu,Seoul yangcheongu jiyangro 37,02-2693-5919,http://lib.yangcheon.or.kr/,"Weekdays : 09:00~22:00, Weekends : 09:00~18:00",Every Monday and Legal Holidays,1,Public Library,37.51907269,126.8356052
80,Daerim Library,3,Yeongdeungpo-gu,Seoul yeongdeungpogu dosinro 27,02-828-3700,http://www.dllib.or.kr,"Weekdays : 09:00~22:00, Weekends : 09:00~17:00",Every Monday and Legal Holidays,1,Public Library,37.50431669,126.8960768
102,Munrae Library,3,Yeongdeungpo-gu,Seoul yeongdeungpogu munraero20gil 49,02-2629-8600,http://www.mllib.or.kr,"Weekdays : 09:00~22:00, Weekends : 09:00~17:00",Every Monday and Legal Holidays,1,Public Library,37.51685383,126.8908928
19,Seoulgyoyukcheongyeongdeungpopyeongsaenghakseupgwan,3,Yeongdeungpo-gu,Seoul yeongdeungpogu beodeunaruro15gil 10,02-6712-7500,http://ydpllc.sen.go.kr,"Weekdays : 09:00~20:00, Weekends : 09:00~17:00","2,4week Monday and Legal Holidays",1,Public Library,37.52580934,126.9071819
109,Seonyu Library,3,Yeongdeungpo-gu,Seoul yeongdeungpogu seonyuro43gagil 10-8,02-2163-0800,http://www.sylib.or.kr,"Weekdays : 09:00~22:00, Weekends : 09:00~17:00",Every Monday and Legal Holidays,1,Public Library,37.53333762,126.8929418
1388,Yeouisaesgang Library,3,Yeongdeungpo-gu,Seoul yeongdeungpogu yeouidaero 24 jeongukgyeongjeinyeonhaphoe husaengbokjidong,02-2629-2222,http://www.yulib.or.kr,"Weekdays : 09:00~20:00, Weekends : 09:00~17:00",Every Monday and Legal Holidays,1,Public Library,37.52217929,126.9199164
2818,Yeongdeungposaenggakgongjang Library,3,Yeongdeungpo-gu,Seoul yeongdeungpogu munraebukro 105 yeongdeungpogueoulrimsenteo jisang1~3F,02-2069-1893,https://www.ydplib.or.kr/sglib,"Weekdays : 09:00~20:00, Weekends : 09:00~17:00",Every Monday and Legal Holidays,1,Public Library,37.5201212421417,126.897195669575
7,Seoulgyoyukcheongnamsan Library,12,Yongsan-gu,Seoul yongsangu sowolro 109,02-754-7338,http://nslib.sen.go.kr,"Weekdays : 09:00~20:00, Weekends : 09:00~17:00","1,3week Monday and Legal Holidays",1,Public Library,37.55255227,126.9821555
8,Seoulgyoyukcheongyongsan Library,12,Yongsan-gu,Seoul yongsangu duteopbawiro 160,02-6902-7777,http://yslib.sen.go.kr,"Weekdays : 09:00~20:00, Weekends : 09:00~17:00","2,4week Tuesday and Legal Holidays",1,Public Library,37.55200494,126.9801399
2129,Yongsankkumnamu Library,12,Yongsan-gu,"Seoul yongsangu baekbeomro329(wonhyoro1ga, kkumnamutaun) 3F",02-707-0138,https://www.yslibrary.or.kr/,"Weekdays : 09:00~21:00, Weekends : 09:00~17:00",Every Monday and Legal Holidays,1,Public Library,37.54189105,126.9684171
110,Cheongpa Library,12,Yongsan-gu,Seoul yongsangu cheongparo93gil 27(seogyedong) 1F,02-714-3931,https://www.yslibrary.or.kr/,"Weekdays : 09:00~21:00, Weekends : 09:00~17:00",Every Monday and Legal Holidays,1,Public Library,37.55278347,126.9675304
98,District jeungsan Library,16,Eunpyeong-gu,Seoul eunpyeonggu jeungsanro5gil 6,02-307-6030,http://www.eplib.or.kr/jslib,"Weekdays : 09:00~22:00, Weekends : 09:00~18:00","Every Friday, Legal Holidays",1,Public Library,37.58280957,126.9076717
1842,Gusandong Librarymaeul,16,Eunpyeong-gu,Seoul eunpyeonggu yeonseoro 13gil 29-23,02-357-0100,http://www.gsvlib.or.kr,"Weekdays : 09:00~22:00, Weekends : 09:00~18:00","Every Monday, Legal Holidays",1,Public Library,37.60950609,126.9130867
2113,Naereulgeonneoseosupeuro Library,16,Eunpyeong-gu,Seoul eunpyeonggu jeungsanro17gil 50,02-307-6701~2,http://www.nslib.or.kr,"Weekdays : 09:00~22:00, Weekends : 09:00~18:00","Every Monday, Legal Holidays",1,Public Library,37.59169634,126.908048
1076,Sangrim Library,16,Eunpyeong-gu,Seoul eunpyeonggu jingwan4ro 48-25 gongwongwanrisamusil nae,02-383-7557~8,http://www.eplib.or.kr/intro/lib01.asp,"Weekdays : 09:00~18:00, Weekends : 09:00~18:00","Every Monday, Legal Holidays",1,Public Library,37.64421437,126.9289416
2594,Euntteurak Library,16,Eunpyeong-gu,Seoul eunpyeonggu tongilro 972,02-389-7635,http://www.edlib.or.kr,"Weekdays : 09:00~22:00, Weekends : 09:00~18:00","Every Monday, Legal Holidays",1,Public Library,37.63013935779,126.919931243441
38,Eunpyeong District Library,16,Eunpyeong-gu,Seoul eunpyeonggu tongilro78gagil 13-84,02-385-1671~4,http://www.eplib.or.kr/eplib,"Weekdays : 09:00~22:00, Weekends : 09:00~18:00","Every Monday, Legal Holidays",1,Public Library,37.61897708,126.9282714
1567,Eunpyeongnyutaun Library,16,Eunpyeong-gu,Seoul eunpyeonggu jingwan2ro 111-51,02-6341-6400,http://www.eplib.or.kr/enlib,"Weekdays : 09:00~22:00, Weekends : 09:00~18:00","Every Friday, Legal Holidays",1,Public Library,37.63722997,126.9331171
107,Eungam Information Library,16,Eunpyeong-gu,"Seoul eunpyeonggu gajwaro 179, 2F~3F",02-308-2320,http://www.ealib.or.kr,"Weekdays : 09:00~18:00, Weekends : 09:00~18:00","Every Friday, Legal Holidays",1,Public Library,37.58596642,126.9196809
64,4.19hyeokmyeongginyeom Library,17,Jongno-gu,Seoul jongrogu saemunanro 17,02-730-4190,http://library.419revolution.org,Weekdays : 08:00~22:00,Sunday and Legal Holidays,1,Public Library,37.5675109,126.9655318
2807,Raibeureoripichi,17,Jongno-gu,"Seoul jongrogu daehakro10gil 8 (dongsungdong), ribeuraep B1-2F",02-6949-0895,,Weekdays : 13:00~21:00,"Every 토,일,Monday",1,Public Library,37.581578271361,127.002617935151
4,Seoulgyoyukcheong Children Library,17,Jongno-gu,Seoul jongrogu sajikro9gil 7,02-731-2300,http://childlib.sen.go.kr,"Weekdays : 09:00~18:00, Weekends : 09:00~17:00","1,3week Monday and Legal Holidays",1,Public Library,37.57607257,126.9683689
5,Seoulgyoyukcheongjeongdok Library,17,Jongno-gu,Seoul jongrogu bukchonro5gil 48,02-2011-5799,http://jdlib.sen.go.kr,"Weekdays : 09:00~20:00, Weekends : 09:00~17:00","1,3week Wednesday and Legal Holidays",1,Public Library,37.58103147,126.983694
6,Seoulgyoyukcheongjongro Library,17,Jongno-gu,Seoul jongrogu sajikro9gil 15-14,02-721-0707,http://jnlib.sen.go.kr,"Weekdays : 09:00~20:00, Weekends : 09:00~17:00","2,4week Monday and Legal Holidays",1,Public Library,37.5764504,126.9664672
1390,Areumkkum Library,17,Jongno-gu,Seoul jongrogu jongro58gagil 19,02-2237-6644,http://lib.jongno.go.kr/,"Weekdays : 10:00~19:00, Weekends : 10:00~19:00","Every Sunday, 1월1일, 설연휴, 추석연휴",1,Public Library,37.57261854,127.0169671
2603,Children cheongsonyeon gukhak Library,17,Jongno-gu,Seoul jongrogu myeongryungil 26,02-747-8335~6,http://lib.jongno.go.kr,"Weekdays : 10:00~21:00, Weekends : 10:00~19:00  *동절기(1,2월) 야간 미운영","Every Sunday, Legal Holidays",1,Public Library,37.5885021,126.9932172
2808,Je3uisigan,17,Jongno-gu,"Seoul jongrogu daehakro10gil 8 (dongsungdong), ribeuraep 3-5F",0507-1349-5449,,"Weekdays : 13:00~18:00, Weekends : 10:00~18:00","Every 월,Tuesday",1,Public Library,37.581578271361,127.002617935151
1410,Cheongunmunhak Library,17,Jongno-gu,Seoul jongrogu jahamunro36gil 40,070-4680-4032-3,http://lib.jongno.go.kr/,"Weekdays : 10:00~21:00, Weekends : 10:00~19:00  *동절기(1,2월) 야간 미운영","Every Monday, 1월1일, 설연휴, 추석연휴 ",1,Public Library,37.59037936,126.9659196
85,Gaon Library,15,Jung-gu,Seoul junggu donghoro14gil 18,02.2230-2921,https://www.junggulib.or.kr/,"Weekdays : 09:00~22:00, Weekends : 09:00~22:00",Every Monday and Legal Holidays(Sunday제외),1,Public Library,37.5563848,127.0108371
2612,Namsantaun Children Library,15,Jung-gu,Seoul junggu dasanro 32,02-2230-2941,https://www.junggulib.or.kr/,"Weekdays : 09:00~22:00, Weekends : 09:00~18:00","2.4week Sunday, 1.3.5week Monday, Legal Holidays",1,Public Library,37.54949484,127.0088734
2716,Dasanseonggwak Library,15,Jung-gu,Seoul junggu donghoro17gil 173,02-2230-2965,https://www.junggulib.or.kr/,"Weekdays : 09:00~22:00, Weekends : 09:00~22:00",Every Monday and Legal Holidays(Sunday제외),1,Public Library,37.5516333485016,127.004389431374
2768,Songijeong Culture Library,15,Jung-gu,Seoul junggu songijeongro 101-3,02-2230-2950,https://www.junggulib.or.kr/,"Weekdays : 09:00~22:00, Weekends : 09:00~22:00",Every Monday and Legal Holidays(Sunday제외),1,Public Library,37.5559207289285,126.964537696454
2618,Songijeong Children Library,15,Jung-gu,Seoul junggu songijeongro 101,02-2230-2945,https://www.junggulib.or.kr/,"Weekdays : 09:00~22:00, Weekends : 09:00~18:00",Every Monday and Legal Holidays(Sunday 제외),1,Public Library,37.5551209,126.9625541
2715,Sindangnuri Library,15,Jung-gu,Seoul junggu dasanro 33gil 3 1F,02-2230-2960,https://www.junggulib.or.kr/,"Weekdays : 09:00~22:00, Weekends : 09:00~18:00","Every Sunday, Legal Holidays",1,Public Library,37.5620188844565,127.014445018452
923,Eoulrim Library,15,Jung-gu,Seoul junggu dasanro38gil 66-35,02-2230-2901,https://www.junggulib.or.kr/,"Weekdays : 09:00~22:00, Weekends : 09:00~22:00",Every Monday and Legal Holidays(Sunday제외),1,Public Library,37.56171915,127.0189284
69,Hangukhaksaenggonggong Librarydaehak Culture won(guhangukhaksaeng Library),15,Jung-gu,Seoul junggu donghoro27gil 30,02-2275-0753,http://www.ksplibrary.co.kr/,"Weekdays : 07:00~21:00, Weekends : 09:00~21:00","설, 추석연휴",1,Public Library,37.56070426,127.0021513
2144,Yangwonsupsok Library,20,Jungnang-gu,Seoul jungranggu songrimgil 172(mangudong),02-432-0710,http://www.jungnanglib.seoul.kr/ywlib/,"Weekdays : 09:00~18:00, Weekends : 토:09:00?17:00, 일:10:00~17:00","Every Monday, Legal Holidays and 근로자의날(5월1일), 창립기념일(12월1일)",1,Public Library,37.60266318,127.1039257
29,Jungrang District myeonmok Information Library,20,Jungnang-gu,Seoul jungranggu myeonmokro 397(myeonmokdong),02-432-4123,http://www.jungnanglib.seoul.kr/mmlib/,"Weekdays : 09:00~22:00(Monday은 09:00~17:00), Weekends : 09:00~17:00","매월 쳇째, 3rd Monday, Legal Holidays and 근로자의날(5월1일), 창립기념일(12월1일)",1,Public Library,37.58735398,127.0875542
28,Jungrang District Information Library,20,Jungnang-gu,Seoul jungranggu sinnaero15gil 197(mukdong),02-3407-1111,http://www.jungnanglib.seoul.kr,"Weekdays : 09:00~22:00(Monday은 09:00~18:00), Weekends : 09:00~17:00","매월 2nd, 4th Monday, Legal Holidays and 근로자의날(5월1일), 창립기념일(8월12일)",1,Public Library,37.61517065,127.0869063
2638,Jungrangsangbong Library,20,Jungnang-gu,Seoul jungranggu dongilro114gil 10(sangbongdong),02-2209-0094,http://www.jungnanglib.seoul.kr/sblib/index.php,"Weekdays : 09:00~22:00(유아어린이자료실 09:00~18:00, 스마트라운지: 09:00~20:00) Weekends : 09:00~17:00","Every Monday, Legal Holidays and 근로자의날(5월1일), 창립기념일(8월12일)",1,Public Library,37.5930958,127.0787114
1078,Jungrangsup Children Library,20,Jungnang-gu,Seoul jungranggu manguro73gil 46-1(mangudong),02-6235-1150,http://www.jungnanglib.seoul.kr/suplib/index.php,"Weekdays : 09:00~18:00, Weekends : 09:00~17:00","Every Monday, Legal Holidays and 근로자의날(5월1일), 창립기념일(12월1일)",1,Public Library,37.60266318,127.1039257
2891,Junghwamunhak Library,20,Jungnang-gu,Seoulsi jungranggu bonghwasanro 27 junghwa2dongbokhapcheongsa 3-4F,02-3407-1400,https://www.jungnanglib.seoul.kr/jhmlib,"Tuesday~Friday 9:00~22:00 / Weekends(Saturday, Sunday) 9:00~17:00","Every Monday and Legal Holidays, 재단창립기념일(8월12일) 휴관",1,Public Library,37.6020210137217,127.077421772621
1688,Junghwa Children Library,20,Jungnang-gu,Seoul jungranggu jungrangyeokro3gil 28(junghwadong),02-494-1846,https://www.jungnanglib.seoul.kr/jhklib/,"Weekdays : 09:00~18:00, Saturday : 10:00~17:00","Every Sunday, Legal Holidays and 근로자의날(5월1일), 창립기념일(8월12일)",1,Public Library,37.59504537,127.0747092
